chr,site_start,strand,PAM,eff,site_start_hg19
chr1,1374344,+,GGG,5.5,1309724
chr1,1490172,-,GGG,20.0,1425552
chr1,4408623,+,CAG,3.5,4468683
chr1,13780113,-,TGG,356.5,14106608
chr1,14763358,+,AGG,2.0,15089854
chr1,16693069,-,GGT,1.0,17019564
chr1,17929672,+,GGG,1.5,18256166
chr1,21183404,+,GGA,1.0,21509897
chr1,21845917,+,GAG,3.5,22172410
chr1,25544943,+,TGG,1.0,25871434
chr1,26697997,+,AGG,1.0,27024488
chr1,27563568,-,AGG,1.0,27890079
chr1,27985449,-,TGG,99.5,28311960
chr1,30692917,+,AGG,1.5,31165764
chr1,31619700,-,AGG,8666.5,32085301
chr1,33150101,+,TGG,1.5,33615702
chr1,33441526,-,AGG,3.5,33907127
chr1,34748041,-,GGG,4.0,35213642
chr1,37433564,+,GGG,1.0,37899165
chr1,38941367,+,GGG,8.5,39407039
chr1,40251584,-,GGG,850.0,40717256
chr1,41096794,-,AGG,317.0,41562466
chr1,41888447,+,AGG,15.0,42354118
chr1,44113974,-,GGG,42.5,44579646
chr1,51315157,+,GGG,2.5,51780829
chr1,53537489,+,GGG,5.5,54003162
chr1,54321773,+,GGG,460.0,54787446
chr1,54334628,+,TGG,2.5,54800301
chr1,60539309,+,GGG,70.0,61004981
chr1,66155272,-,TGG,0.5,66620955
chr1,69596846,-,TGG,2.0,70062529
chr1,78293191,-,GGA,1.5,78758875
chr1,84083384,-,TGG,28.5,84549067
chr1,85309580,-,GGG,7.5,85775263
chr1,88498401,-,GAG,1.5,88964084
chr1,101370096,-,GGG,4.5,101835652
chr1,109917354,-,TGG,794.0,110459976
chr1,110633798,-,AGG,1.5,111176420
chr1,111166452,+,AGG,193.0,111709074
chr1,112341488,+,AGG,324.5,112884110
chr1,151805889,+,GGG,12.0,151778365
chr1,154159098,+,GGG,368.0,154131574
chr1,154342464,-,GGG,416.0,154314940
chr1,154852899,-,GGG,16.0,154825375
chr1,155209707,-,GGG,1.0,155179498
chr1,156700578,-,TGG,1936.0,156670370
chr1,161726983,-,GGG,35.5,161696773
chr1,169792710,-,TGG,225.0,169761851
chr1,180199885,+,TGG,65.0,180169020
chr1,190234371,-,AGG,2481.5,190203501
chr1,199352390,+,TGG,2.5,199321518
chr1,201391863,+,TGG,14.0,201360991
chr1,206110305,-,CGG,827.0,206231004
chr1,227077482,-,GGG,1.5,227265183
chr1,231728528,-,GAG,5.5,231864274
chr1,236739585,-,AGG,1.0,236902885
chr1,237282810,+,AGG,1.5,237446110
chr1,239662864,-,AGG,14.5,239826164
chr1,247337423,+,GGG,3.0,247500725
chr10,2939534,+,GGG,1.0,2981726
chr10,7505292,-,GGG,4.5,7547254
chr10,29439451,-,AGG,1.0,29728380
chr10,32581436,-,GGA,1.0,32870364
chr10,32650617,-,TGG,5.0,32939545
chr10,52609919,-,TGG,11.5,54369679
chr10,58607488,-,AGG,1.0,60367248
chr10,61198905,+,GGA,9.0,62958663
chr10,61659255,-,GGG,5.5,63419013
chr10,64614788,+,GGA,2.0,66374545
chr10,70537837,-,TGC,350.0,72297593
chr10,73237063,-,GGG,1.5,74996821
chr10,76013216,-,GGG,7.5,77772974
chr10,77614053,-,GGG,428.0,79373811
chr10,78907700,-,GGG,75.0,80667457
chr10,99449712,+,AGG,2.5,101209469
chr10,112228893,-,ACA,2.0,113988651
chr10,119291814,-,GGA,0.5,121051326
chr10,121694203,-,AGG,9.0,123453717
chr10,122543149,+,GAG,3.5,124302665
chr10,123687929,+,CGG,477.0,125447445
chr10,124559693,-,AGG,17.5,126248262
chr10,124613975,-,GGG,1019.0,126302544
chr10,127739364,-,GGG,45.5,129537628
chr10,129464780,-,AGG,14.0,131263044
chr10,130911405,+,CGG,7.5,132709668
chr10,132381754,+,AGG,2.0,134195258
chr11,409421,-,AAG,6.0,409421
chr11,2301200,-,AGG,0.5,2322430
chr11,14182319,+,AAG,16.5,14203865
chr11,25515682,-,CTG,0.5,25537228
chr11,25976704,+,GGG,746.0,25998251
chr11,33473712,-,TGG,835.5,33495258
chr11,33544907,-,TGG,2495.0,33566453
chr11,36376293,+,GGG,1.0,36397843
chr11,49783967,-,TGG,52.5,49805519
chr11,50199450,-,AGG,0.5,50158621
chr11,63817985,-,CGG,1953.0,63585457
chr11,65109965,+,GGG,54.5,64877437
chr11,67201406,-,TGG,13.5,66968877
chr11,69004997,+,GGG,6.5,68772465
chr11,71080454,+,GGG,1203.0,71080454
chr11,72678151,+,AGG,1.0,72389195
chr11,77150016,+,GGG,7.0,76861062
chr11,78139564,-,CGG,652.5,77850610
chr11,84095229,+,CGG,1.5,83806272
chr11,87142774,-,AGA,16.5,86853816
chr11,88849989,+,TGG,104.5,88583157
chr11,110578628,-,TGG,19.5,110449352
chr11,111515539,-,AGG,1698.0,111386264
chr11,112277682,-,CCG,4.5,112148405
chr11,113221485,+,TGG,259.0,113092207
chr11,117458874,-,GGG,17.5,117329590
chr11,121117568,-,GGG,24.5,120988277
chr11,123108675,+,GGG,1067.5,122979383
chr11,130318951,-,GGG,0.5,130188846
chr11,130687292,-,AGA,27.5,130557187
chr11,133063283,-,GGG,208.0,132933178
chr11,133825397,-,GGG,98.5,133695292
chr11,134028038,-,AGG,42.5,133897933
chr12,1846313,+,AGG,343.0,1955479
chr12,6315123,+,TGG,1217.5,6424289
chr12,9404791,-,GGG,9.5,9557387
chr12,11001445,+,GGG,6.0,11154044
chr12,13402912,+,TGG,181.0,13555846
chr12,31424099,+,GGG,276.5,31577033
chr12,38167947,-,CGG,1.5,38561749
chr12,45223770,-,GAG,658.5,45617553
chr12,49540923,-,GGG,38.5,49934706
chr12,51527522,+,AGG,9.0,51921306
chr12,54500686,+,AAA,1.5,54894470
chr12,57608615,-,CGG,893.5,58002398
chr12,70307420,+,AGG,1.0,70701200
chr12,71135508,+,GGG,4.0,71529288
chr12,89521768,+,AGG,3.0,89915545
chr12,101422507,-,CGG,2.0,101816285
chr12,106656683,-,GGG,589.5,107050461
chr12,107530064,+,GGG,22.0,107923841
chr12,108427339,+,TGG,2.0,108821116
chr12,111257267,-,GGG,24.5,111695071
chr12,112318870,-,AGG,20.5,112756674
chr12,115143569,-,CGG,6.5,115581374
chr12,115433364,+,GGG,746.5,115871169
chr12,119154765,-,AGG,891.5,119592570
chr12,120978190,-,GGG,3.0,121415993
chr12,124940136,-,GGG,0.5,125424682
chr12,132258611,-,CGG,2.0,132835150
chr12,132746990,-,GGG,1.0,133323576
chr12,132805162,+,AGG,15.5,133381748
chr14,20990067,-,GGG,1014.5,21458226
chr14,27849152,+,AGG,238.0,28318358
chr14,33399419,+,AGC,1.0,33868625
chr14,50951967,-,AGG,1767.5,51418685
chr14,59409888,+,AGG,9.0,59876606
chr14,65350126,+,CAG,2.5,65816844
chr14,69952245,-,TGG,2125.0,70418962
chr14,76119228,+,AGG,20.0,76585571
chr14,80385340,-,AGG,19.0,80851683
chr14,85631478,-,GGG,24.5,86097822
chr14,91315881,+,GGG,1.5,91782225
chr14,92235134,-,GAG,16.0,92701478
chr14,95895907,+,AGG,1.0,96362244
chr14,100281887,+,AGG,5.0,100748224
chr14,102524650,-,TGG,232.0,102990987
chr14,105006286,+,TGG,6.5,105472623
chr14,105143226,+,GGG,24.5,105609563
chr14,105961807,-,AGG,8.0,106427873
chr14,106399136,+,TGG,1.5,106855048
chr15,23345230,-,CGG,1.0,23590377
chr15,24067355,+,AGA,1.5,24312502
chr15,28877467,-,CCG,2.0,29122613
chr15,30223985,-,TGG,175.0,30516188
chr15,32314682,+,TGG,257.0,32606883
chr15,40876023,+,GGA,3.0,41168221
chr15,43928305,+,AGG,60.5,44220503
chr15,58590540,+,TGG,507.0,58882739
chr15,68387052,+,AAG,1.0,68679391
chr15,75652881,+,AGA,9.5,75945222
chr15,80889696,-,GGG,902.0,81182037
chr15,83164041,+,TGG,4787.5,83832793
chr15,84154953,+,TGG,67.5,84823705
chr15,90561456,-,GGT,1.0,91104688
chr15,100887688,+,TGG,1010.5,101427893
chr16,69581,-,GGG,12.5,119579
chr16,713758,-,TGG,0.5,763758
chr16,2686146,+,CGC,4.0,2736147
chr16,2828983,+,AGG,3.5,2878984
chr16,4682675,+,GGG,13.0,4732676
chr16,15208054,-,TGG,16.5,15301911
chr16,18119674,-,TGG,9.0,18213531
chr16,18341204,+,GGG,1.5,18435061
chr16,24346803,-,CGG,1111.0,24358124
chr16,29712991,+,TGG,52.0,29724312
chr16,31042487,+,TGG,17.5,31053808
chr16,34642933,+,AGG,3.0,34642933
chr16,46552882,-,AGG,2.0,46586794
chr16,53510142,-,GGG,7.5,53544054
chr16,66697155,+,GGG,1.5,66731058
chr16,66873920,-,GGG,9.0,66907823
chr16,67179429,-,AGG,964.0,67213332
chr16,70048174,+,TGA,1.0,70082077
chr16,70756713,+,TGG,12.5,70790616
chr16,71442580,+,GGG,2.0,71476483
chr16,75205527,-,TGG,3.0,75239425
chr16,84309335,-,GGG,288.5,84342941
chr16,84618735,-,GGG,3.0,84652341
chr16,86207511,-,TGG,2.0,86241117
chr17,2064983,+,GGG,2.5,1968277
chr17,6549110,-,GGG,2.5,6452430
chr17,10490991,-,TGG,2.5,10394308
chr17,13458967,-,TGG,14.5,13362284
chr17,15422587,-,CGG,4.5,15325904
chr17,15975203,-,TGG,1801.5,15878517
chr17,17977637,+,TGG,1558.0,17880951
chr17,19715187,+,TGG,20.0,19618500
chr17,32022967,-,GGG,1.0,30349986
chr17,32794011,+,CGG,2.5,31121029
chr17,33004444,+,GGG,6.5,31331462
chr17,35577901,-,TGG,1601.5,33904920
chr17,41786094,+,GGG,0.5,39942346
chr17,47159876,-,TGG,1.0,45237242
chr17,47281551,-,TGG,7.0,45358917
chr17,49225500,-,TGG,1.0,47302862
chr17,49326585,+,GGG,3.5,47403947
chr17,50270536,-,GGG,1.0,48347897
chr17,51426047,-,GGG,4.0,49503408
chr17,59193635,-,TGG,9.0,57270996
chr17,64461000,+,GGG,3.0,64461000
chr17,73508675,+,AGG,1.5,71504814
chr17,75061953,+,GGG,1.0,73058048
chr17,75840485,-,GGG,1.0,73836566
chr17,76226047,+,GGG,3.5,74222128
chr17,76400896,-,TGG,75.5,74396977
chr17,77483300,-,GGG,119.5,75479382
chr17,77931429,-,GGG,11.0,75927511
chr17,79296703,-,AAG,63.5,77292785
chr17,79476903,+,GGA,42.0,77472985
chr17,81142965,+,AGG,30.5,79116765
chr17,81881329,-,CTG,4.5,79839205
chr17,82619623,+,GGG,293.5,80577499
chr18,4247114,+,TGG,14.5,4247114
chr18,9396525,+,AGG,984.0,9396523
chr18,10571761,+,TGG,2.0,10571758
chr18,10725439,+,AGG,37.0,10725437
chr18,10889755,-,GGG,1.0,10889753
chr18,24596702,+,GGG,4.0,22176666
chr18,26227078,-,AGG,546.0,23807042
chr18,28291108,+,GGG,10.5,25871072
chr18,29500346,+,GGA,3.5,27080311
chr18,29751439,+,GGG,3.5,27331404
chr18,30811108,+,AGG,0.5,28391074
chr18,33787317,+,AGG,2.0,31367281
chr18,50338123,+,TGG,10.0,47864493
chr18,59032310,-,AAG,31.5,56699542
chr18,62325416,-,GGC,1.0,59992649
chr18,62898013,-,GGG,11.0,60565246
chr18,74078643,-,GGG,34.0,71745878
chr18,77603645,+,GCC,1.0,75315601
chr2,2279402,+,GGG,1.0,2283174
chr2,10278742,+,GGG,1.0,10418868
chr2,26512063,+,TGG,3.0,26734931
chr2,31244385,-,AGG,932.5,31467251
chr2,42043058,+,CGG,0.5,42270198
chr2,42361210,+,CGG,4.5,42588350
chr2,45976540,-,AGG,1602.5,46203679
chr2,47391767,+,GGG,59.0,47618906
chr2,51087218,+,TGG,3.0,51314356
chr2,62564395,+,GGA,11.5,62791530
chr2,64907505,-,GGA,11.5,65134639
chr2,66472693,+,TGG,2.0,66699825
chr2,85964231,+,AGG,1.0,86191354
chr2,86572604,-,AGG,12.5,86799727
chr2,94618892,-,AGG,57.0,94618892
chr2,99546589,+,GGG,1.0,100163051
chr2,102186468,-,CGG,78.5,102802928
chr2,112196638,+,GGG,269.5,112954215
chr2,115321622,-,GGG,1.5,116079198
chr2,122079773,-,AGG,2.5,122837349
chr2,127027924,+,AGG,467.5,127785500
chr2,127309041,+,GGG,22.0,128066617
chr2,156519795,-,AGG,1.0,157376307
chr2,169399619,+,AGG,29.5,170256129
chr2,169799381,-,CGG,21.0,170655891
chr2,176106517,-,GGG,36.0,176971245
chr2,176135148,-,TGG,26.0,176999876
chr2,178388894,+,AGG,221.5,179253621
chr2,182860542,+,AGG,756.5,183725270
chr2,188734602,+,TGG,4716.0,189599329
chr2,191245220,-,CGG,59.0,192109946
chr2,191846535,+,TGG,416.5,192711261
chr2,198709169,-,TGG,38.5,199573893
chr2,208236425,+,TGG,64.0,209101149
chr2,224576696,+,AGG,1.5,225441413
chr2,227889444,-,TGG,2.0,228754160
chr2,229369131,+,AGG,85.5,230233847
chr2,230250883,+,AGG,1.0,231115598
chr2,231711881,+,TGG,1925.5,232576591
chr2,232649156,-,CGG,1.5,233513866
chr2,233171835,+,TGG,1484.5,234080481
chr2,238346357,-,AGG,1.5,239254998
chr2,238694221,+,GGG,42.0,239602862
chr2,241767544,-,GGG,11.0,242706959
chr20,4185183,+,TGG,51.5,4165830
chr20,10429652,-,GGG,421.0,10410300
chr20,10789659,+,TGG,16.5,10770307
chr20,19412521,+,GAG,1.0,19393165
chr20,20165115,+,AGG,1.0,20145759
chr20,21362931,-,TGG,342.5,21343569
chr20,23814405,+,AGC,5.5,23795042
chr20,34893179,-,AGG,8.0,33480982
chr20,38006285,+,GAG,158.0,36634687
chr20,39151099,-,GGG,30.0,37779742
chr20,39269222,-,AGC,4.5,37897865
chr20,40846365,-,AGG,4.0,39475005
chr20,41008302,+,AGG,233.5,39636942
chr20,44771363,+,TGG,3902.5,43400004
chr20,44960268,+,CGG,2133.0,43588909
chr20,45693521,-,AGG,1.0,44322160
chr20,47984793,-,GGG,304.5,46613537
chr20,49290137,-,GAG,562.5,47906674
chr20,49407834,+,TGG,30.0,48024371
chr20,49483471,-,GGG,2.0,48100008
chr20,50700525,-,AGG,0.5,49317062
chr20,55957565,-,GGG,13.0,54532621
chr20,57928828,-,GGG,3.0,56503884
chr20,62318913,+,CGG,0.5,60893969
chr20,62909581,+,GGG,4.0,61540933
chr20,63160449,-,TGG,5.0,61791801
chr20,63226605,-,GGG,23.5,61857957
chr20,63494909,-,AGG,1456.5,62126262
chr21,8253314,+,ACC,0.5,152522
chr21,35688774,+,AGG,12.0,37061072
chr21,38795206,+,GGG,21.0,40167130
chr21,38853548,-,GGG,8.0,40225472
chr21,44367583,+,AGG,1.0,45787466
chr21,44966684,-,GGG,754.0,46386599
chr21,46414379,-,GGG,4.0,47834293
chr22,20692901,+,AGG,10.5,21047189
chr22,21003362,-,AGG,3.0,21357651
chr22,22991260,+,AGG,37.0,23333435
chr22,24418542,-,GGG,38.0,24814510
chr22,28401144,+,GGA,24.5,28797132
chr22,31192634,-,GGG,0.5,31588620
chr22,36231401,+,TGG,2112.5,36627447
chr22,37062746,+,GGG,2.5,37458786
chr22,37524208,+,TGG,2.0,37920215
chr22,38026440,-,TGG,15.5,38422447
chr22,38235208,+,AGG,1.5,38631214
chr22,39522284,-,GGG,2.5,39918289
chr22,43956577,+,GGG,12.0,44352457
chr22,50807156,-,AGG,1.0,48118700
chr22,48587649,-,CGG,119.0,48983461
chr22,50148339,-,GGG,30.0,50586768
chr22,50299896,-,GGG,83.0,50738325
chr3,11726418,-,AAG,12.0,11767892
chr3,24258108,+,AGG,1.0,24299599
chr3,28055638,-,AGG,135.5,28097129
chr3,34200449,-,AGG,1.5,34241941
chr3,34408116,+,GGA,3.5,34449608
chr3,35326787,-,TGG,10.0,35368279
chr3,41225463,+,TGG,2529.5,41266954
chr3,44419759,-,AGG,61.5,44461251
chr3,49706365,+,CGG,1.0,49743798
chr3,50153998,+,GGA,3.5,50191431
chr3,51942828,-,TGG,1.5,51976844
chr3,52624544,+,AAG,10.0,52658560
chr3,52765727,+,GGG,545.0,52799743
chr3,53149299,-,GAG,6.0,53183315
chr3,55406545,+,TGG,4.5,55440573
chr3,58513938,-,TGG,0.5,58499665
chr3,68183897,-,TGG,31.5,68233047
chr3,72489082,+,TGG,11.0,72538233
chr3,91362737,-,GGG,1.5,91362737
chr3,93984460,+,GGG,49.0,93703304
chr3,99294173,-,AGG,53.5,99013017
chr3,102223637,+,GGG,87.5,101942481
chr3,103906651,-,GAG,51.0,103625495
chr3,112630209,-,TGG,1889.0,112349056
chr3,128557756,+,GGG,1.0,128276599
chr3,128904429,+,GGG,12.0,128623272
chr3,139302386,+,GTG,201.0,139021228
chr3,140933786,+,TGG,0.5,140652628
chr3,142578668,+,AGG,1261.0,142297510
chr3,146015651,-,GGA,3.0,145733438
chr3,160171002,+,GGG,6.5,159888789
chr3,165439819,+,AGG,0.5,165157607
chr3,177383153,+,TGG,1.0,177100941
chr3,179798154,+,TGG,1.0,179515942
chr3,184365156,+,TGG,1217.5,184082944
chr3,185154316,-,GGG,28.0,184872104
chr3,194761970,-,TGG,3.0,194482699
chr5,21934748,-,GGG,51.0,21934857
chr5,41862662,-,TGG,2157.0,41862764
chr5,43277169,-,AGG,1606.5,43277271
chr5,46193850,+,AGG,0.5,46193952
chr5,55887906,-,CGG,1.0,55183734
chr5,66209517,+,AGG,2.5,65505345
chr5,68385084,+,TGG,1.0,67680912
chr5,69097255,+,CGG,44.0,68393082
chr5,72673862,+,TGG,1.5,71969689
chr5,74251402,+,TGG,77.0,73547227
chr5,77308526,-,AGG,14.5,76604351
chr5,77818694,-,GGG,3.0,77114518
chr5,88313692,-,AGG,1.0,87609509
chr5,90055251,-,CCA,7.0,89351068
chr5,91688077,-,GGG,4.5,90983894
chr5,95007105,+,GGG,142.5,94342809
chr5,107677153,-,GGG,936.5,107012854
chr5,115721570,+,AGG,10.0,115057267
chr5,122390413,+,CGG,14.5,121726108
chr5,125076134,+,CGG,15.0,124411827
chr5,127657746,+,AGG,2613.5,126993438
chr5,131087593,+,AGG,3.0,130423286
chr5,135449897,+,AGG,1704.0,134785587
chr5,135503298,-,TGG,0.5,134838988
chr5,141668535,+,CGG,3.0,141048102
chr5,147928305,-,GAG,4.5,147307868
chr5,149683666,+,GGG,3.0,149063229
chr5,154682828,-,GGG,259.5,154062388
chr5,154856271,-,CGG,10.5,154235831
chr5,157259647,+,GGA,33.0,156686657
chr5,167629915,+,GGG,3.0,167056920
chr5,168839084,-,GGG,2.0,168266089
chr5,181217673,-,CGG,86.5,180644673
chr6,12673708,-,TGG,0.5,12673940
chr6,13410802,+,AGG,38.5,13411034
chr6,18263842,-,AGG,4.0,18264073
chr6,25815514,-,GGG,2.5,25815742
chr6,27251963,+,GGG,1.5,27219742
chr6,28225256,-,AGG,446.0,28193034
chr6,28729392,-,TGG,30.5,28697169
chr6,31973213,+,GGG,11.0,31940990
chr6,33927133,-,AGG,34.0,33894910
chr6,52096644,-,AGG,1.0,51961442
chr6,52861267,+,AGG,7.5,52726065
chr6,60556371,+,GGG,15.5,57524118
chr6,57657591,+,GGG,6.0,57657591
chr6,60930543,+,GGG,1974.0,57898290
chr6,58176011,+,GGG,324.0,58502289
chr6,70667586,+,GGG,2.5,71377289
chr6,72164079,-,AGG,4.0,72873782
chr6,86057503,-,AGT,3.0,86767221
chr6,86283822,-,AGG,25.0,86993540
chr6,86731826,+,AGG,23.0,87441544
chr6,87746355,-,GGA,3.5,88456073
chr6,88322695,+,GGG,16.5,89032414
chr6,89951243,-,GAG,1.5,90660962
chr6,90438932,-,CAG,33.5,91148651
chr6,92171748,+,TGG,3.5,92881466
chr6,95084914,+,TGG,2.5,95084914
chr6,138292017,-,TGG,2.0,138613154
chr6,151734533,+,GTG,4.5,152055668
chr6,154255619,-,TGG,409.5,154576753
chr7,776770,+,AGG,7.5,816407
chr7,1526462,+,AGG,1.0,1566098
chr7,15492771,+,GGG,3.5,15532396
chr7,16912734,-,TGG,9.5,16952358
chr7,24251923,+,GGG,5.5,24291542
chr7,26178892,-,AGG,28.0,26218512
chr7,43989235,+,GGG,4.0,44028834
chr7,48476910,+,GGG,3.0,48516507
chr7,51094225,+,GAG,1.0,51161922
chr7,68255179,-,AGG,12.5,67720166
chr7,70387129,-,GAG,2.5,69852115
chr7,70956553,+,AGG,2.0,70421539
chr7,73573960,-,TGG,75.5,72988290
chr7,76067767,-,GGG,3.0,75697085
chr7,84196457,+,GGG,58.0,83825773
chr7,93571906,-,TAG,23.5,93201218
chr7,94503861,+,AGG,0.5,94133173
chr7,95545084,+,TGA,1.0,95174396
chr7,99560224,+,TGG,17.5,99157847
chr7,100883363,-,GGG,918.5,100480984
chr7,101837979,-,GGG,28.0,101481259
chr7,102542650,+,GGG,2.0,102183097
chr7,103054810,+,GGG,32.5,102695257
chr7,107593994,-,TGG,1852.5,107234439
chr7,108432957,+,GAG,2.0,108073401
chr7,117282471,+,AGG,33.5,116922525
chr7,123147454,+,AGG,2.0,122787508
chr7,124206599,+,AGG,101.0,123846653
chr7,128098703,+,AAG,55.0,127738755
chr7,130835020,-,AAG,1.5,130519779
chr7,132563382,-,GGA,3.0,132248141
chr7,137928315,+,TGG,2108.5,137613061
chr7,138453326,-,AGG,24.5,138138071
chr7,142900107,-,AGG,1.5,142597275
chr7,143933111,-,GGG,9.0,143630204
chr7,145356272,-,GGA,2.5,145053365
chr7,148290740,+,AGG,1.0,147987832
chr7,148568375,-,TGA,132.5,148265467
chr7,150942344,+,CGG,16.5,150639432
chr7,151079590,+,GGG,28.0,150776677
chr7,155087768,-,TGG,8.5,154879478
chr7,156217654,+,GGG,44.0,156010348
chr7,157754640,+,GGG,22.0,157547332
chr7,157779078,-,GGG,20.0,157571770
chr7,159246890,+,TGG,14.5,159039580
chr8,4522875,-,TGG,6.5,4380397
chr8,8563803,+,GGG,90.5,8421313
chr8,10730578,-,TGG,82.5,10588088
chr8,37451014,+,AGG,1.5,37308532
chr8,39584231,-,GGG,350.0,39441750
chr8,42916043,-,TGG,0.5,42771186
chr8,43350126,-,AGG,27.0,43205269
chr8,58128324,-,AGG,2.5,59040883
chr8,65830061,-,GGG,0.5,66742296
chr8,73415380,-,AGG,104.0,74327615
chr8,74460835,+,GAG,4.0,75373070
chr8,87877247,+,TGG,15.0,88889475
chr8,89071701,-,GGG,46.0,90083930
chr8,97032241,-,TGG,0.5,98044469
chr8,101411657,-,GGA,35.5,102423885
chr8,105133766,-,GGG,5.5,106145994
chr8,120581173,+,AGG,100.0,121593413
chr8,127124182,-,AGA,2.0,128136427
chr8,130122039,+,TGG,5.5,131134285
chr8,140656630,+,GGG,43.5,141666729
chr8,142873251,-,TGG,14.0,143954667
chr8,143042317,+,TGG,1.5,144123734
chr8,143977073,+,AAG,0.5,145051241
chr8,144258075,+,TGG,4.0,145312978
chr8,144441007,-,AGG,4.0,145666390
chrX,24601176,+,AAG,1.5,24619293
chrX,25806479,-,AGG,10.0,25824596
chrX,42678939,+,GGG,3.0,42538190
chrX,55811736,-,AGA,0.5,55838169
chrX,64484057,-,AGG,10.0,63703937
chrX,69115904,+,GAG,24.5,68335747
chrX,73185285,+,AGG,116.5,72405121
chrX,81940412,+,GGG,3.5,81195911
chrX,91627535,+,AGG,1.0,90882534
chrX,93490943,+,AGG,1.0,92745942
chrX,94505838,-,TGG,16.5,93760837
chrX,102738238,+,GGG,16.5,101993166
chrX,103832423,-,GGG,3.0,103087353
chrX,108119769,-,GGA,23.5,107362999
chrX,108568774,+,AGG,4.0,107812004
chrX,111330666,+,TGG,108.5,110573894
chrX,125204513,+,GGG,201.5,124338362
chrX,135174506,+,TGG,110.0,134308430
chrX,135221003,-,TGG,66.0,134354933
chrX,139949868,+,TGG,114.5,139032027
chrX,142119560,-,AGG,3.5,141207346
chrX,143499002,+,AGG,0.5,142586818
chrX,153109800,-,AGG,1.0,152375599
chrX,153875467,+,GGG,13.5,153140922
chrX,154344391,-,GGG,4.0,153572759
